,0
0,Education
1,Global Economy
2,Social Media
3,Politics
4,Global Economy
5,Self-Help
6,Family
7,Architecture
8,Self-Help
9,Self-Help
10,Architecture
11,Family
12,Family
13,Techonology
14,Education
15,Multimedia
16,Multimedia
17,Global Economy
18,Architecture
19,Social Media
20,Social Media
21,Multimedia
22,Family
23,Family
24,Family
25,Space
26,Space
27,Politics
28,Self-Help
29,Self-Help
30,Self-Help
31,Diseases
32,Self-Help
33,Global Economy
34,Global Economy
35,Global Economy
36,Global Economy
37,Transportation
38,Nature
39,Global Economy
40,Global Economy
41,Diseases
42,Self-Help
43,Space
44,Techonology
45,Self-Help
46,Family
47,Education
48,Family
49,Diseases
50,Transportation
51,Global Economy
52,Self-Help
53,Family
54,Space
55,Self-Help
56,Transportation
57,Social Media
58,Family
59,Space
60,Techonology
61,Transportation
62,Global Economy
63,Nature
64,Politics
65,Nature
66,Global Economy
67,Diseases
68,Multimedia
69,Transportation
70,Diseases
71,Architecture
72,Global Economy
73,Architecture
74,Transportation
75,Family
76,Architecture
77,Multimedia
78,Self-Help
79,Transportation
80,Diseases
81,Techonology
82,Multimedia
83,Nature
84,Techonology
85,Transportation
86,Family
87,Self-Help
88,Multimedia
89,Transportation
90,Transportation
91,Multimedia
92,Family
93,Family
94,Self-Help
95,Self-Help
96,Multimedia
97,Multimedia
98,Global Economy
99,Transportation
100,Social Media
101,Family
102,Architecture
103,Architecture
104,Transportation
105,Neurology
106,Nature
107,Social Media
108,Global Economy
109,Global Economy
110,Architecture
111,Self-Help
112,Architecture
113,Politics
114,Techonology
115,Global Economy
116,Nature
117,Self-Help
118,Diseases
119,Family
120,Neurology
121,Multimedia
122,Family
123,Techonology
124,Family
125,Global Economy
126,Global Economy
127,Transportation
128,Global Economy
129,Education
130,Family
131,Global Economy
132,Family
133,Family
134,Education
135,Language
136,Global Economy
137,Transportation
138,Self-Help
139,Politics
140,Family
141,Nature
142,Family
143,Space
144,Transportation
145,Space
146,Family
147,Family
148,Techonology
149,Family
150,Social Media
151,Neurology
152,Global Economy
153,Family
154,Self-Help
155,Social Media
156,Space
157,Global Economy
158,Global Economy
159,Global Economy
160,Transportation
161,Space
162,Multimedia
163,Space
164,Global Economy
165,Multimedia
166,Family
167,Family
168,Multimedia
169,Family
170,Family
171,Language
172,Multimedia
173,Nature
174,Architecture
175,Architecture
176,Multimedia
177,Education
178,Family
179,Multimedia
180,Architecture
181,Self-Help
182,Transportation
183,Transportation
184,Transportation
185,Nature
186,Self-Help
187,Multimedia
188,Family
189,Architecture
190,Family
191,Language
192,Family
193,Transportation
194,Space
195,Space
196,Diseases
197,Techonology
198,Family
199,Architecture
200,Education
201,Self-Help
202,Space
203,Transportation
204,Techonology
205,Multimedia
206,Architecture
207,Space
208,Family
209,Space
210,Global Economy
211,Techonology
212,Multimedia
213,Social Media
214,Global Economy
215,Self-Help
216,Space
217,Space
218,Multimedia
219,Global Economy
220,Nature
221,Neurology
222,Multimedia
223,Nature
224,Politics
225,Nature
226,Nature
227,Architecture
228,Multimedia
229,Global Economy
230,Global Economy
231,Language
232,Nature
233,Self-Help
234,Self-Help
235,Techonology
236,Family
237,Diseases
238,Techonology
239,Transportation
240,Transportation
241,Multimedia
242,Education
243,Family
244,Family
245,Family
246,Self-Help
247,Nature
248,Multimedia
249,Family
250,Social Media
251,Family
252,Nature
253,Family
254,Family
255,Family
256,Multimedia
257,Self-Help
258,Architecture
259,Family
260,Nature
261,Family
262,Architecture
263,Social Media
264,Techonology
265,Space
266,Multimedia
267,Space
268,Nature
269,Nature
270,Language
271,Multimedia
272,Family
273,Multimedia
274,Education
275,Education
276,Language
277,Space
278,Global Economy
279,Social Media
280,Education
281,Nature
282,Politics
283,Social Media
284,Nature
285,Family
286,Nature
287,Education
288,Self-Help
289,Family
290,Multimedia
291,Self-Help
292,Family
293,Family
294,Multimedia
295,Self-Help
296,Techonology
297,Family
298,Politics
299,Architecture
300,Politics
301,Multimedia
302,Family
303,Social Media
304,Multimedia
305,Space
306,Architecture
307,Architecture
308,Diseases
309,Family
310,Transportation
311,Self-Help
312,Family
313,Global Economy
314,Multimedia
315,Multimedia
316,Family
317,Self-Help
318,Self-Help
319,Family
320,Self-Help
321,Self-Help
322,Self-Help
323,Transportation
324,Social Media
325,Family
326,Multimedia
327,Space
328,Self-Help
329,Politics
330,Space
331,Architecture
332,Transportation
333,Multimedia
334,Family
335,Space
336,Global Economy
337,Nature
338,Family
339,Diseases
340,Nature
341,Social Media
342,Transportation
343,Techonology
344,Multimedia
345,Architecture
346,Transportation
347,Architecture
348,Self-Help
349,Multimedia
350,Nature
351,Transportation
352,Education
353,Politics
354,Multimedia
355,Techonology
356,Nature
357,Transportation
358,Architecture
359,Architecture
360,Architecture
361,Multimedia
362,Self-Help
363,Architecture
364,Social Media
365,Social Media
366,Diseases
367,Self-Help
368,Multimedia
369,Nature
370,Family
371,Diseases
372,Multimedia
373,Transportation
374,Education
375,Self-Help
376,Architecture
377,Techonology
378,Education
379,Global Economy
380,Education
381,Multimedia
382,Nature
383,Space
384,Techonology
385,Nature
386,Nature
387,Architecture
388,Social Media
389,Family
390,Nature
391,Nature
392,Multimedia
393,Multimedia
394,Techonology
395,Family
396,Multimedia
397,Social Media
398,Multimedia
399,Education
400,Architecture
401,Family
402,Nature
403,Transportation
404,Family
405,Social Media
406,Education
407,Nature
408,Family
409,Social Media
410,Transportation
411,Architecture
412,Politics
413,Family
414,Self-Help
415,Diseases
416,Self-Help
417,Self-Help
418,Transportation
419,Self-Help
420,Space
421,Family
422,Transportation
423,Space
424,Transportation
425,Social Media
426,Politics
427,Architecture
428,Global Economy
429,Neurology
430,Family
431,Diseases
432,Space
433,Politics
434,Self-Help
435,Space
436,Nature
437,Global Economy
438,Politics
439,Neurology
440,Global Economy
441,Transportation
442,Global Economy
443,Multimedia
444,Family
445,Nature
446,Transportation
447,Education
448,Language
449,Family
450,Nature
451,Multimedia
452,Self-Help
453,Global Economy
454,Nature
455,Family
456,Global Economy
457,Techonology
458,Transportation
459,Self-Help
460,Techonology
461,Education
462,Nature
463,Social Media
464,Family
465,Diseases
466,Self-Help
467,Global Economy
468,Global Economy
469,Nature
470,Education
471,Education
472,Architecture
473,Architecture
474,Techonology
475,Family
476,Diseases
477,Global Economy
478,Self-Help
479,Diseases
480,Neurology
481,Nature
482,Politics
483,Self-Help
484,Techonology
485,Self-Help
486,Family
487,Transportation
488,Global Economy
489,Nature
490,Family
491,Education
492,Transportation
493,Global Economy
494,Architecture
495,Nature
496,Global Economy
497,Global Economy
498,Space
499,Transportation
500,Nature
501,Nature
502,Neurology
503,Global Economy
504,Architecture
505,Space
506,Multimedia
507,Family
508,Social Media
509,Social Media
510,Family
511,Politics
512,Global Economy
513,Politics
514,Global Economy
515,Self-Help
516,Space
517,Architecture
518,Nature
519,Politics
520,Family
521,Space
522,Architecture
523,Transportation
524,Techonology
525,Global Economy
526,Neurology
527,Multimedia
528,Global Economy
529,Techonology
530,Multimedia
531,Family
532,Global Economy
533,Self-Help
534,Architecture
535,Family
536,Space
537,Social Media
538,Global Economy
539,Space
540,Global Economy
541,Politics
542,Techonology
543,Architecture
544,Family
545,Self-Help
546,Space
547,Global Economy
548,Global Economy
549,Transportation
550,Family
551,Global Economy
552,Global Economy
553,Space
554,Transportation
555,Multimedia
556,Family
557,Family
558,Family
559,Global Economy
560,Politics
561,Politics
562,Family
563,Social Media
564,Nature
565,Self-Help
566,Global Economy
567,Space
568,Global Economy
569,Transportation
570,Neurology
571,Techonology
572,Neurology
573,Nature
574,Language
575,Nature
576,Education
577,Transportation
578,Space
579,Multimedia
580,Architecture
581,Diseases
582,Diseases
583,Architecture
584,Family
585,Global Economy
586,Family
587,Global Economy
588,Diseases
589,Multimedia
590,Diseases
591,Space
592,Global Economy
593,Education
594,Social Media
595,Global Economy
596,Self-Help
597,Global Economy
598,Techonology
599,Politics
600,Diseases
601,Education
602,Neurology
603,Family
604,Self-Help
605,Global Economy
606,Social Media
607,Nature
608,Multimedia
609,Self-Help
610,Social Media
611,Transportation
612,Nature
613,Multimedia
614,Nature
615,Social Media
616,Multimedia
617,Transportation
618,Family
619,Self-Help
620,Nature
621,Social Media
622,Nature
623,Multimedia
624,Global Economy
625,Education
626,Global Economy
627,Multimedia
628,Education
629,Neurology
630,Family
631,Techonology
632,Transportation
633,Family
634,Global Economy
635,Politics
636,Transportation
637,Architecture
638,Nature
639,Multimedia
640,Global Economy
641,Education
642,Social Media
643,Family
644,Space
645,Nature
646,Self-Help
647,Multimedia
648,Global Economy
649,Global Economy
650,Nature
651,Global Economy
652,Multimedia
653,Neurology
654,Diseases
655,Nature
656,Education
657,Family
658,Diseases
659,Nature
660,Nature
661,Global Economy
662,Diseases
663,Education
664,Architecture
665,Family
666,Diseases
667,Social Media
668,Techonology
669,Nature
670,Social Media
671,Space
672,Multimedia
673,Self-Help
674,Family
675,Global Economy
676,Transportation
677,Multimedia
678,Neurology
679,Social Media
680,Nature
681,Education
682,Family
683,Global Economy
684,Architecture
685,Education
686,Neurology
687,Architecture
688,Social Media
689,Architecture
690,Nature
691,Space
692,Architecture
693,Space
694,Global Economy
695,Nature
696,Global Economy
697,Nature
698,Self-Help
699,Social Media
700,Family
701,Social Media
702,Family
703,Space
704,Techonology
705,Diseases
706,Self-Help
707,Nature
708,Nature
709,Neurology
710,Nature
711,Global Economy
712,Family
713,Family
714,Politics
715,Family
716,Multimedia
717,Social Media
718,Nature
719,Nature
720,Global Economy
721,Space
722,Global Economy
723,Global Economy
724,Self-Help
725,Education
726,Nature
727,Education
728,Architecture
729,Politics
730,Multimedia
731,Nature
732,Social Media
733,Transportation
734,Neurology
735,Multimedia
736,Diseases
737,Social Media
738,Neurology
739,Family
740,Techonology
741,Multimedia
742,Techonology
743,Neurology
744,Family
745,Education
746,Transportation
747,Global Economy
748,Nature
749,Neurology
750,Family
751,Nature
752,Global Economy
753,Architecture
754,Nature
755,Family
756,Global Economy
757,Neurology
758,Transportation
759,Politics
760,Transportation
761,Global Economy
762,Global Economy
763,Nature
764,Nature
765,Family
766,Multimedia
767,Politics
768,Nature
769,Neurology
770,Multimedia
771,Education
772,Politics
773,Politics
774,Global Economy
775,Nature
776,Education
777,Self-Help
778,Family
779,Education
780,Nature
781,Education
782,Family
783,Education
784,Architecture
785,Nature
786,Politics
787,Nature
788,Neurology
789,Transportation
790,Global Economy
791,Family
792,Family
793,Family
794,Education
795,Family
796,Social Media
797,Family
798,Family
799,Global Economy
800,Family
801,Education
802,Family
803,Self-Help
804,Neurology
805,Diseases
806,Family
807,Politics
808,Techonology
809,Nature
810,Family
811,Education
812,Nature
813,Family
814,Global Economy
815,Techonology
816,Multimedia
817,Global Economy
818,Diseases
819,Family
820,Self-Help
821,Family
822,Nature
823,Architecture
824,Social Media
825,Transportation
826,Family
827,Family
828,Techonology
829,Family
830,Transportation
831,Family
832,Self-Help
833,Neurology
834,Family
835,Social Media
836,Family
837,Self-Help
838,Diseases
839,Family
840,Diseases
841,Multimedia
842,Politics
843,Architecture
844,Politics
845,Global Economy
846,Diseases
847,Family
848,Education
849,Social Media
850,Nature
851,Self-Help
852,Space
853,Family
854,Architecture
855,Family
856,Global Economy
857,Self-Help
858,Diseases
859,Techonology
860,Multimedia
861,Education
862,Social Media
863,Multimedia
864,Transportation
865,Family
866,Techonology
867,Family
868,Self-Help
869,Family
870,Family
871,Family
872,Self-Help
873,Space
874,Social Media
875,Family
876,Global Economy
877,Diseases
878,Family
879,Self-Help
880,Education
881,Space
882,Family
883,Self-Help
884,Self-Help
885,Diseases
886,Social Media
887,Transportation
888,Social Media
889,Family
890,Transportation
891,Transportation
892,Space
893,Family
894,Nature
895,Transportation
896,Neurology
897,Social Media
898,Multimedia
899,Neurology
900,Architecture
901,Diseases
902,Nature
903,Multimedia
904,Multimedia
905,Diseases
906,Politics
907,Politics
908,Family
909,Techonology
910,Family
911,Space
912,Family
913,Self-Help
914,Nature
915,Architecture
916,Politics
917,Self-Help
918,Family
919,Diseases
920,Architecture
921,Multimedia
922,Nature
923,Multimedia
924,Multimedia
925,Transportation
926,Self-Help
927,Family
928,Space
929,Family
930,Politics
931,Space
932,Diseases
933,Architecture
934,Family
935,Multimedia
936,Transportation
937,Family
938,Diseases
939,Social Media
940,Politics
941,Diseases
942,Family
943,Social Media
944,Self-Help
945,Social Media
946,Transportation
947,Politics
948,Global Economy
949,Family
950,Global Economy
951,Multimedia
952,Social Media
953,Techonology
954,Self-Help
955,Diseases
956,Family
957,Family
958,Transportation
959,Nature
960,Politics
961,Space
962,Multimedia
963,Education
964,Diseases
965,Politics
966,Techonology
967,Family
968,Self-Help
969,Family
970,Space
971,Family
972,Global Economy
973,Social Media
974,Self-Help
975,Diseases
976,Multimedia
977,Global Economy
978,Social Media
979,Global Economy
980,Diseases
981,Self-Help
982,Family
983,Education
984,Politics
985,Diseases
986,Multimedia
987,Family
988,Space
989,Architecture
990,Transportation
991,Multimedia
992,Neurology
993,Multimedia
994,Social Media
995,Family
996,Transportation
997,Education
998,Transportation
999,Politics
1000,Techonology
1001,Social Media
1002,Neurology
1003,Transportation
1004,Diseases
1005,Architecture
1006,Social Media
1007,Family
1008,Transportation
1009,Neurology
1010,Social Media
1011,Social Media
1012,Space
1013,Techonology
1014,Techonology
1015,Neurology
1016,Family
1017,Diseases
1018,Transportation
1019,Education
1020,Diseases
1021,Space
1022,Space
1023,Techonology
1024,Family
1025,Social Media
1026,Family
1027,Self-Help
1028,Neurology
1029,Space
1030,Multimedia
1031,Self-Help
1032,Family
1033,Politics
1034,Social Media
1035,Transportation
1036,Diseases
1037,Multimedia
1038,Family
1039,Diseases
1040,Global Economy
1041,Multimedia
1042,Family
1043,Nature
1044,Neurology
1045,Techonology
1046,Self-Help
1047,Family
1048,Family
1049,Family
1050,Self-Help
1051,Politics
1052,Language
1053,Self-Help
1054,Diseases
1055,Politics
1056,Space
1057,Family
1058,Transportation
1059,Self-Help
1060,Social Media
1061,Social Media
1062,Self-Help
1063,Nature
1064,Self-Help
1065,Architecture
1066,Family
1067,Family
1068,Global Economy
1069,Global Economy
1070,Politics
1071,Diseases
1072,Neurology
1073,Diseases
1074,Space
1075,Nature
1076,Neurology
1077,Politics
1078,Politics
1079,Nature
1080,Architecture
1081,Family
1082,Neurology
1083,Family
1084,Social Media
1085,Nature
1086,Social Media
1087,Nature
1088,Politics
1089,Family
1090,Family
1091,Global Economy
1092,Family
1093,Social Media
1094,Multimedia
1095,Nature
1096,Nature
1097,Global Economy
1098,Global Economy
1099,Techonology
1100,Self-Help
1101,Family
1102,Family
1103,Nature
1104,Social Media
1105,Multimedia
1106,Education
1107,Self-Help
1108,Global Economy
1109,Family
1110,Global Economy
1111,Diseases
1112,Space
1113,Family
1114,Self-Help
1115,Global Economy
1116,Family
1117,Family
1118,Transportation
1119,Transportation
1120,Family
1121,Architecture
1122,Multimedia
1123,Social Media
1124,Family
1125,Family
1126,Diseases
1127,Techonology
1128,Nature
1129,Family
1130,Self-Help
1131,Family
1132,Diseases
1133,Family
1134,Diseases
1135,Social Media
1136,Politics
1137,Neurology
1138,Diseases
1139,Space
1140,Education
1141,Transportation
1142,Social Media
1143,Multimedia
1144,Multimedia
1145,Architecture
1146,Global Economy
1147,Space
1148,Social Media
1149,Self-Help
1150,Family
1151,Multimedia
1152,Social Media
1153,Nature
1154,Multimedia
1155,Social Media
1156,Neurology
1157,Self-Help
1158,Space
1159,Education
1160,Diseases
1161,Politics
1162,Global Economy
1163,Space
1164,Global Economy
1165,Multimedia
1166,Politics
1167,Self-Help
1168,Transportation
1169,Techonology
1170,Space
1171,Politics
1172,Self-Help
1173,Family
1174,Space
1175,Social Media
1176,Diseases
1177,Diseases
1178,Language
1179,Nature
1180,Architecture
1181,Neurology
1182,Family
1183,Education
1184,Family
1185,Nature
1186,Family
1187,Multimedia
1188,Family
1189,Family
1190,Diseases
1191,Architecture
1192,Education
1193,Transportation
1194,Space
1195,Global Economy
1196,Self-Help
1197,Nature
1198,Social Media
1199,Social Media
1200,Family
1201,Space
1202,Family
1203,Family
1204,Techonology
1205,Multimedia
1206,Multimedia
1207,Diseases
1208,Transportation
1209,Politics
1210,Multimedia
1211,Techonology
1212,Architecture
1213,Diseases
1214,Global Economy
1215,Self-Help
1216,Techonology
1217,Multimedia
1218,Techonology
1219,Techonology
1220,Politics
1221,Social Media
1222,Family
1223,Techonology
1224,Architecture
1225,Transportation
1226,Politics
1227,Education
1228,Education
1229,Family
1230,Multimedia
1231,Politics
1232,Family
1233,Diseases
1234,Education
1235,Multimedia
1236,Family
1237,Politics
1238,Politics
1239,Social Media
1240,Family
1241,Education
1242,Multimedia
1243,Global Economy
1244,Social Media
1245,Space
1246,Nature
1247,Transportation
1248,Family
1249,Neurology
1250,Family
1251,Diseases
1252,Multimedia
1253,Social Media
1254,Nature
1255,Neurology
1256,Education
1257,Social Media
1258,Politics
1259,Family
1260,Social Media
1261,Global Economy
1262,Neurology
1263,Social Media
1264,Diseases
1265,Family
1266,Transportation
1267,Transportation
1268,Self-Help
1269,Multimedia
1270,Politics
1271,Education
1272,Architecture
1273,Social Media
1274,Architecture
1275,Family
1276,Techonology
1277,Architecture
1278,Education
1279,Diseases
1280,Self-Help
1281,Social Media
1282,Social Media
1283,Social Media
1284,Self-Help
1285,Family
1286,Transportation
1287,Multimedia
1288,Politics
1289,Global Economy
1290,Nature
1291,Education
1292,Family
1293,Self-Help
1294,Politics
1295,Transportation
1296,Education
1297,Social Media
1298,Architecture
1299,Family
1300,Family
1301,Techonology
1302,Architecture
1303,Multimedia
1304,Techonology
1305,Multimedia
1306,Family
1307,Family
1308,Global Economy
1309,Transportation
1310,Family
1311,Nature
1312,Architecture
1313,Politics
1314,Education
1315,Education
1316,Diseases
1317,Family
1318,Diseases
1319,Social Media
1320,Family
1321,Transportation
1322,Nature
1323,Social Media
1324,Neurology
1325,Family
1326,Global Economy
1327,Family
1328,Family
1329,Nature
1330,Multimedia
1331,Politics
1332,Self-Help
1333,Family
1334,Diseases
1335,Self-Help
1336,Family
1337,Social Media
1338,Family
1339,Diseases
1340,Family
1341,Family
1342,Education
1343,Diseases
1344,Family
1345,Global Economy
1346,Education
1347,Family
1348,Global Economy
1349,Politics
1350,Diseases
1351,Family
1352,Diseases
1353,Politics
1354,Family
1355,Transportation
1356,Social Media
1357,Self-Help
1358,Multimedia
1359,Techonology
1360,Neurology
1361,Politics
1362,Education
1363,Neurology
1364,Education
1365,Family
1366,Education
1367,Global Economy
1368,Family
1369,Nature
1370,Nature
1371,Nature
1372,Family
1373,Family
1374,Global Economy
1375,Neurology
1376,Nature
1377,Global Economy
1378,Architecture
1379,Social Media
1380,Transportation
1381,Family
1382,Diseases
1383,Multimedia
1384,Architecture
1385,Transportation
1386,Family
1387,Neurology
1388,Family
1389,Transportation
1390,Politics
1391,Techonology
1392,Multimedia
1393,Education
1394,Techonology
1395,Education
1396,Diseases
1397,Self-Help
1398,Family
1399,Neurology
1400,Family
1401,Neurology
1402,Education
1403,Language
1404,Global Economy
1405,Global Economy
1406,Transportation
1407,Social Media
1408,Family
1409,Transportation
1410,Nature
1411,Social Media
1412,Education
1413,Global Economy
1414,Nature
1415,Education
1416,Education
1417,Education
1418,Family
1419,Education
1420,Education
1421,Education
1422,Family
1423,Self-Help
1424,Politics
1425,Multimedia
1426,Techonology
1427,Education
1428,Architecture
1429,Family
1430,Architecture
1431,Multimedia
1432,Multimedia
1433,Family
1434,Nature
1435,Self-Help
1436,Family
1437,Global Economy
1438,Politics
1439,Multimedia
1440,Multimedia
1441,Global Economy
1442,Techonology
1443,Politics
1444,Politics
1445,Family
1446,Global Economy
1447,Global Economy
1448,Family
1449,Education
1450,Space
1451,Self-Help
1452,Diseases
1453,Multimedia
1454,Nature
1455,Techonology
1456,Politics
1457,Social Media
1458,Techonology
1459,Multimedia
1460,Global Economy
1461,Architecture
1462,Nature
1463,Diseases
1464,Multimedia
1465,Nature
1466,Space
1467,Family
1468,Nature
1469,Multimedia
1470,Self-Help
1471,Multimedia
1472,Family
1473,Social Media
1474,Family
1475,Architecture
1476,Family
1477,Multimedia
1478,Neurology
1479,Multimedia
1480,Self-Help
1481,Multimedia
1482,Architecture
1483,Family
1484,Multimedia
1485,Family
1486,Architecture
1487,Neurology
1488,Neurology
1489,Politics
1490,Space
1491,Neurology
1492,Global Economy
1493,Architecture
1494,Nature
1495,Architecture
1496,Techonology
1497,Global Economy
1498,Multimedia
1499,Social Media
1500,Transportation
1501,Social Media
1502,Nature
1503,Politics
1504,Family
1505,Self-Help
1506,Self-Help
1507,Self-Help
1508,Family
1509,Family
1510,Self-Help
1511,Social Media
1512,Space
1513,Global Economy
1514,Global Economy
1515,Global Economy
1516,Transportation
1517,Politics
1518,Politics
1519,Social Media
1520,Transportation
1521,Family
1522,Architecture
1523,Social Media
1524,Family
1525,Global Economy
1526,Global Economy
1527,Family
1528,Space
1529,Architecture
1530,Global Economy
1531,Nature
1532,Self-Help
1533,Family
1534,Architecture
1535,Politics
1536,Transportation
1537,Diseases
1538,Social Media
1539,Space
1540,Global Economy
1541,Transportation
1542,Education
1543,Diseases
1544,Multimedia
1545,Nature
1546,Nature
1547,Family
1548,Transportation
1549,Self-Help
1550,Self-Help
1551,Neurology
1552,Family
1553,Global Economy
1554,Diseases
1555,Family
1556,Social Media
1557,Transportation
1558,Family
1559,Education
1560,Nature
1561,Self-Help
1562,Nature
1563,Global Economy
1564,Global Economy
1565,Family
1566,Techonology
1567,Global Economy
1568,Family
1569,Transportation
1570,Family
1571,Family
1572,Diseases
1573,Neurology
1574,Social Media
1575,Architecture
1576,Global Economy
1577,Diseases
1578,Family
1579,Architecture
1580,Techonology
1581,Politics
1582,Diseases
1583,Self-Help
1584,Multimedia
1585,Education
1586,Politics
1587,Social Media
1588,Self-Help
1589,Global Economy
1590,Family
1591,Space
1592,Politics
1593,Techonology
1594,Multimedia
1595,Self-Help
1596,Global Economy
1597,Global Economy
1598,Multimedia
1599,Self-Help
1600,Diseases
1601,Education
1602,Self-Help
1603,Family
1604,Diseases
1605,Social Media
1606,Global Economy
1607,Space
1608,Global Economy
1609,Neurology
1610,Global Economy
1611,Social Media
1612,Architecture
1613,Multimedia
1614,Language
1615,Family
1616,Global Economy
1617,Neurology
1618,Self-Help
1619,Neurology
1620,Social Media
1621,Transportation
1622,Social Media
1623,Social Media
1624,Social Media
1625,Family
1626,Architecture
1627,Neurology
1628,Social Media
1629,Techonology
1630,Family
1631,Language
1632,Space
1633,Education
1634,Social Media
1635,Politics
1636,Transportation
1637,Education
1638,Space
1639,Diseases
1640,Family
1641,Self-Help
1642,Education
1643,Family
1644,Space
1645,Techonology
1646,Family
1647,Space
1648,Nature
1649,Techonology
1650,Family
1651,Neurology
1652,Transportation
1653,Techonology
1654,Space
1655,Multimedia
1656,Family
1657,Techonology
1658,Social Media
1659,Social Media
1660,Multimedia
1661,Global Economy
1662,Language
1663,Family
1664,Diseases
1665,Family
1666,Self-Help
1667,Nature
1668,Family
1669,Multimedia
1670,Family
1671,Family
1672,Nature
1673,Family
1674,Diseases
1675,Family
1676,Neurology
1677,Self-Help
1678,Family
1679,Transportation
1680,Politics
1681,Family
1682,Social Media
1683,Politics
1684,Self-Help
1685,Family
1686,Self-Help
1687,Language
1688,Self-Help
1689,Family
1690,Family
1691,Family
1692,Social Media
1693,Space
1694,Multimedia
1695,Multimedia
1696,Social Media
1697,Nature
1698,Global Economy
1699,Self-Help
1700,Family
1701,Social Media
1702,Social Media
1703,Self-Help
1704,Politics
1705,Multimedia
1706,Self-Help
1707,Diseases
1708,Techonology
1709,Social Media
1710,Family
1711,Education
1712,Social Media
1713,Politics
1714,Diseases
1715,Multimedia
1716,Diseases
1717,Global Economy
1718,Politics
1719,Politics
1720,Family
1721,Social Media
1722,Transportation
1723,Education
1724,Family
1725,Politics
1726,Self-Help
1727,Global Economy
1728,Family
1729,Social Media
1730,Multimedia
1731,Self-Help
1732,Family
1733,Nature
1734,Family
1735,Family
1736,Transportation
1737,Global Economy
1738,Family
1739,Diseases
1740,Space
1741,Family
1742,Architecture
1743,Nature
1744,Global Economy
1745,Social Media
1746,Family
1747,Family
1748,Architecture
1749,Global Economy
1750,Education
1751,Education
1752,Neurology
1753,Multimedia
1754,Global Economy
1755,Education
1756,Politics
1757,Global Economy
1758,Social Media
1759,Neurology
1760,Global Economy
1761,Diseases
1762,Family
1763,Family
1764,Social Media
1765,Global Economy
1766,Global Economy
1767,Nature
1768,Diseases
1769,Politics
1770,Transportation
1771,Nature
1772,Family
1773,Social Media
1774,Politics
1775,Nature
1776,Self-Help
1777,Architecture
1778,Architecture
1779,Diseases
1780,Global Economy
1781,Politics
1782,Diseases
1783,Multimedia
1784,Social Media
1785,Space
1786,Family
1787,Diseases
1788,Self-Help
1789,Nature
1790,Self-Help
1791,Family
1792,Politics
1793,Nature
1794,Global Economy
1795,Diseases
1796,Family
1797,Family
1798,Politics
1799,Social Media
1800,Social Media
1801,Transportation
1802,Family
1803,Social Media
1804,Education
1805,Politics
1806,Architecture
1807,Multimedia
1808,Techonology
1809,Nature
1810,Self-Help
1811,Family
1812,Family
1813,Global Economy
1814,Global Economy
1815,Nature
1816,Politics
1817,Family
1818,Self-Help
1819,Techonology
1820,Education
1821,Family
1822,Techonology
1823,Politics
1824,Family
1825,Politics
1826,Politics
1827,Diseases
1828,Neurology
1829,Social Media
1830,Architecture
1831,Diseases
1832,Education
1833,Techonology
1834,Self-Help
1835,Family
1836,Neurology
1837,Education
1838,Architecture
1839,Family
1840,Diseases
1841,Family
1842,Diseases
1843,Social Media
1844,Multimedia
1845,Global Economy
1846,Nature
1847,Family
1848,Social Media
1849,Politics
1850,Global Economy
1851,Architecture
1852,Family
1853,Multimedia
1854,Education
1855,Family
1856,Family
1857,Techonology
1858,Architecture
1859,Social Media
1860,Techonology
1861,Family
1862,Family
1863,Architecture
1864,Family
1865,Architecture
1866,Multimedia
1867,Politics
1868,Family
1869,Diseases
1870,Education
1871,Space
1872,Self-Help
1873,Space
1874,Family
1875,Family
1876,Transportation
1877,Global Economy
1878,Nature
1879,Politics
1880,Space
1881,Techonology
1882,Family
1883,Nature
1884,Self-Help
1885,Techonology
1886,Multimedia
1887,Education
1888,Diseases
1889,Techonology
1890,Multimedia
1891,Diseases
1892,Family
1893,Transportation
1894,Architecture
1895,Transportation
1896,Family
1897,Family
1898,Diseases
1899,Politics
1900,Self-Help
1901,Family
1902,Politics
1903,Education
1904,Space
1905,Family
1906,Education
1907,Neurology
1908,Multimedia
1909,Politics
1910,Education
1911,Family
1912,Family
1913,Self-Help
1914,Family
1915,Techonology
1916,Education
1917,Neurology
1918,Politics
1919,Family
1920,Family
1921,Multimedia
1922,Diseases
1923,Transportation
1924,Transportation
1925,Politics
1926,Family
1927,Family
1928,Multimedia
1929,Family
1930,Family
1931,Family
1932,Family
1933,Family
1934,Family
1935,Diseases
1936,Self-Help
1937,Family
1938,Politics
1939,Social Media
1940,Family
1941,Self-Help
1942,Politics
1943,Politics
1944,Social Media
1945,Diseases
1946,Family
1947,Social Media
1948,Neurology
1949,Social Media
1950,Multimedia
1951,Space
1952,Diseases
1953,Transportation
1954,Self-Help
1955,Space
1956,Family
1957,Social Media
1958,Space
1959,Transportation
1960,Self-Help
1961,Family
1962,Family
1963,Politics
1964,Education
1965,Family
1966,Family
1967,Education
1968,Family
1969,Social Media
1970,Global Economy
1971,Family
1972,Diseases
1973,Family
1974,Nature
1975,Family
1976,Education
1977,Global Economy
1978,Diseases
1979,Architecture
1980,Neurology
1981,Family
1982,Global Economy
1983,Techonology
1984,Diseases
1985,Family
1986,Multimedia
1987,Politics
1988,Diseases
1989,Techonology
1990,Nature
1991,Education
1992,Nature
1993,Multimedia
1994,Politics
1995,Diseases
1996,Social Media
1997,Family
1998,Nature
1999,Techonology
2000,Family
2001,Family
2002,Social Media
2003,Family
2004,Family
2005,Global Economy
2006,Family
2007,Nature
2008,Nature
2009,Architecture
2010,Social Media
2011,Education
2012,Family
2013,Nature
2014,Nature
2015,Family
2016,Social Media
2017,Space
2018,Architecture
2019,Transportation
2020,Multimedia
2021,Nature
2022,Space
2023,Global Economy
2024,Family
2025,Politics
2026,Social Media
2027,Nature
2028,Family
2029,Space
2030,Social Media
2031,Space
2032,Transportation
2033,Social Media
2034,Multimedia
2035,Politics
2036,Social Media
2037,Architecture
2038,Nature
2039,Nature
2040,Techonology
2041,Nature
2042,Architecture
2043,Global Economy
2044,Nature
2045,Diseases
2046,Techonology
2047,Education
2048,Techonology
2049,Nature
2050,Neurology
2051,Diseases
2052,Techonology
2053,Multimedia
2054,Social Media
2055,Global Economy
2056,Nature
2057,Diseases
2058,Diseases
2059,Self-Help
2060,Multimedia
2061,Space
2062,Techonology
2063,Global Economy
2064,Family
2065,Global Economy
2066,Politics
2067,Family
2068,Nature
2069,Transportation
2070,Diseases
2071,Politics
2072,Transportation
2073,Family
2074,Nature
2075,Nature
2076,Family
2077,Global Economy
2078,Family
2079,Family
2080,Neurology
2081,Social Media
2082,Global Economy
2083,Techonology
2084,Politics
2085,Education
2086,Nature
2087,Global Economy
2088,Techonology
2089,Family
2090,Politics
2091,Nature
2092,Global Economy
2093,Self-Help
2094,Social Media
2095,Global Economy
2096,Multimedia
2097,Space
2098,Politics
2099,Social Media
2100,Politics
2101,Nature
2102,Diseases
2103,Transportation
2104,Family
2105,Global Economy
2106,Self-Help
2107,Family
2108,Self-Help
2109,Family
2110,Nature
2111,Global Economy
2112,Social Media
2113,Family
2114,Global Economy
2115,Space
2116,Family
2117,Architecture
2118,Family
2119,Family
2120,Education
2121,Diseases
2122,Neurology
2123,Politics
2124,Diseases
2125,Neurology
2126,Diseases
2127,Politics
2128,Global Economy
2129,Social Media
2130,Family
2131,Self-Help
2132,Nature
2133,Diseases
2134,Multimedia
2135,Diseases
2136,Politics
2137,Family
2138,Architecture
2139,Space
2140,Architecture
2141,Neurology
2142,Global Economy
2143,Politics
2144,Global Economy
2145,Politics
2146,Multimedia
2147,Multimedia
2148,Social Media
2149,Family
2150,Diseases
2151,Education
2152,Self-Help
2153,Transportation
2154,Space
2155,Neurology
2156,Self-Help
2157,Nature
2158,Politics
2159,Politics
2160,Politics
2161,Multimedia
2162,Multimedia
2163,Family
2164,Diseases
2165,Nature
2166,Nature
2167,Family
2168,Nature
2169,Family
2170,Social Media
2171,Neurology
2172,Nature
2173,Techonology
2174,Global Economy
2175,Transportation
2176,Global Economy
2177,Space
2178,Transportation
2179,Space
2180,Social Media
2181,Family
2182,Multimedia
2183,Global Economy
2184,Diseases
2185,Family
2186,Global Economy
2187,Architecture
2188,Politics
2189,Family
2190,Family
2191,Politics
2192,Social Media
2193,Education
2194,Family
2195,Neurology
2196,Diseases
2197,Social Media
2198,Education
2199,Global Economy
2200,Architecture
2201,Self-Help
2202,Politics
2203,Global Economy
2204,Education
2205,Diseases
2206,Politics
2207,Education
2208,Politics
2209,Diseases
2210,Self-Help
2211,Self-Help
2212,Diseases
2213,Politics
2214,Diseases
2215,Self-Help
2216,Self-Help
2217,Language
2218,Family
2219,Family
2220,Family
2221,Education
2222,Multimedia
2223,Social Media
2224,Diseases
2225,Social Media
2226,Family
2227,Politics
2228,Transportation
2229,Politics
2230,Family
2231,Multimedia
2232,Family
2233,Family
2234,Social Media
2235,Education
2236,Social Media
2237,Architecture
2238,Multimedia
2239,Family
2240,Family
2241,Self-Help
2242,Education
2243,Family
2244,Politics
2245,Social Media
2246,Multimedia
2247,Education
2248,Space
2249,Family
2250,Diseases
2251,Self-Help
2252,Global Economy
2253,Politics
2254,Nature
2255,Global Economy
2256,Family
2257,Family
2258,Space
2259,Family
2260,Family
2261,Family
2262,Diseases
2263,Techonology
2264,Diseases
2265,Family
2266,Education
2267,Global Economy
2268,Family
2269,Space
2270,Family
2271,Space
2272,Education
2273,Politics
2274,Education
2275,Family
2276,Self-Help
2277,Space
2278,Social Media
2279,Nature
2280,Family
2281,Diseases
2282,Family
2283,Nature
2284,Self-Help
2285,Self-Help
2286,Architecture
2287,Social Media
2288,Family
2289,Nature
2290,Social Media
2291,Neurology
2292,Education
2293,Family
2294,Family
2295,Techonology
2296,Family
2297,Diseases
2298,Transportation
2299,Family
2300,Neurology
2301,Family
2302,Social Media
2303,Politics
2304,Family
2305,Self-Help
2306,Self-Help
2307,Politics
2308,Nature
2309,Global Economy
2310,Family
2311,Diseases
2312,Transportation
2313,Self-Help
2314,Family
2315,Transportation
2316,Self-Help
2317,Family
2318,Family
2319,Family
2320,Social Media
2321,Self-Help
2322,Nature
2323,Space
2324,Family
2325,Self-Help
2326,Multimedia
2327,Diseases
2328,Family
2329,Politics
2330,Politics
2331,Social Media
2332,Education
2333,Diseases
2334,Politics
2335,Neurology
2336,Family
2337,Global Economy
2338,Politics
2339,Space
2340,Family
2341,Politics
2342,Social Media
2343,Self-Help
2344,Global Economy
2345,Multimedia
2346,Family
2347,Family
2348,Architecture
2349,Space
2350,Family
2351,Diseases
2352,Family
2353,Family
2354,Education
2355,Self-Help
2356,Family
2357,Diseases
2358,Transportation
2359,Family
2360,Social Media
2361,Family
2362,Education
2363,Family
2364,Neurology
2365,Family
2366,Nature
2367,Family
2368,Self-Help
2369,Family
2370,Global Economy
2371,Neurology
2372,Family
2373,Global Economy
2374,Family
2375,Politics
2376,Nature
2377,Multimedia
2378,Nature
2379,Self-Help
2380,Family
2381,Education
2382,Multimedia
2383,Architecture
2384,Self-Help
2385,Architecture
2386,Family
2387,Neurology
2388,Family
2389,Self-Help
2390,Transportation
2391,Nature
2392,Diseases
2393,Multimedia
2394,Global Economy
2395,Self-Help
2396,Politics
2397,Family
2398,Family
2399,Family
2400,Diseases
2401,Self-Help
2402,Family
2403,Nature
2404,Social Media
2405,Space
2406,Self-Help
2407,Social Media
2408,Politics
2409,Family
2410,Education
2411,Diseases
2412,Social Media
2413,Diseases
2414,Nature
2415,Techonology
2416,Architecture
2417,Family
2418,Architecture
2419,Techonology
2420,Techonology
2421,Neurology
2422,Family
2423,Family
2424,Transportation
2425,Nature
2426,Family
2427,Social Media
2428,Family
2429,Social Media
2430,Transportation
2431,Education
2432,Neurology
2433,Multimedia
2434,Social Media
2435,Self-Help
2436,Family
2437,Self-Help
2438,Diseases
2439,Family
2440,Global Economy
2441,Architecture
2442,Education
2443,Education
2444,Politics
2445,Architecture
2446,Politics
2447,Transportation
2448,Politics
2449,Self-Help
2450,Transportation
2451,Nature
2452,Politics
2453,Politics
2454,Self-Help
2455,Self-Help
2456,Global Economy
2457,Global Economy
2458,Space
2459,Family
2460,Diseases
2461,Global Economy
2462,Politics
2463,Nature
2464,Techonology
2465,Family
2466,Transportation
